<?xml version="1.0" encoding="UTF-8"?>
<!DOCTYPE mapper PUBLIC "-//mybatis.org//DTD Mapper 3.0//EN" "http://mybatis.org/dtd/mybatis-3-mapper.dtd">

<mapper namespace="io.renren.modules.houqin.dao.HqBuyDao">

	<!-- 可根据自己的需求，是否要使用 -->
    <resultMap type="io.renren.modules.houqin.entity.HqBuyEntity" id="hqBuyMap">
        <result property="buyId" column="buy_id"/>
        <result property="eqName" column="eq_name"/>
        <result property="buyTime" column="buy_time"/>
        <result property="buyAmount" column="buy_amount"/>
        <result property="buyPrice" column="buy_price"/>
        <result property="empId" column="emp_id"/>
        <result property="remarks" column="remarks"/>
        <result property="createTime" column="create_time"/>
        <result property="updateTime" column="update_time"/>
        <result property="isDelete" column="is_delete"/>
    </resultMap>
    <sql id="base_select">
        SELECT
            hb.*,se.emp_name,se.emp_phone,se.emp_identity
        FROM
            tb_hq_buy hb
            LEFT JOIN
            tb_sys_employee se
            ON
            hb.emp_id = se.id

    </sql>
    <select id="selectPageVo" resultType="io.renren.modules.houqin.entity.vo.HqBuyEntityVo">
        <include refid="base_select"></include>
        ${ew.customSqlSegment}
    </select>
</mapper>