<?xml version="1.0" encoding="UTF-8"?>
<!DOCTYPE mapper PUBLIC "-//mybatis.org//DTD Mapper 3.0//EN" "http://mybatis.org/dtd/mybatis-3-mapper.dtd">

<mapper namespace="io.renren.modules.houqin.dao.HqCleanDao">

	<!-- 可根据自己的需求，是否要使用 -->
    <resultMap type="io.renren.modules.houqin.entity.HqCleanEntity" id="hqCleanMap">
        <result property="id" column="id"/>
        <result property="bedId" column="bed_id"/>
        <result property="empId" column="emp_id"/>
        <result property="cleanTime" column="clean_time"/>
        <result property="cleanStatus" column="clean_status"/>
        <result property="createTime" column="create_time"/>
        <result property="updateTime" column="update_time"/>
        <result property="isDelete" column="is_delete"/>
    </resultMap>
    <sql id="base_select">
        SELECT
            hc.*,se.emp_name,se.emp_phone,se.emp_identity
        FROM
            tb_hq_clean hc
            LEFT JOIN
            tb_sys_employee se
            ON
            hc.emp_id=se.id

    </sql>
    <select id="selectPageVo" resultType="io.renren.modules.houqin.entity.vo.HqCleanEntityVo">
        <include refid="base_select"></include>
        ${ew.customSqlSegment}
    </select>
</mapper>