<?xml version="1.0" encoding="UTF-8"?>
<!DOCTYPE mapper PUBLIC "-//mybatis.org//DTD Mapper 3.0//EN" "http://mybatis.org/dtd/mybatis-3-mapper.dtd">

<mapper namespace="io.renren.modules.houqin.dao.HqServiceDao">

	<!-- 可根据自己的需求，是否要使用 -->
    <resultMap type="io.renren.modules.houqin.entity.HqServiceEntity" id="hqServiceMap">
        <result property="eqId" column="eq_id"/>
        <result property="eqName" column="eq_name"/>
        <result property="checkStatus" column="check_status"/>
        <result property="checkTime" column="check_time"/>
        <result property="empId" column="emp_id"/>
        <result property="checkResult" column="check_result"/>
        <result property="reason" column="reason"/>
        <result property="createTime" column="create_time"/>
        <result property="updateTime" column="update_time"/>
        <result property="isDelete" column="is_delete"/>
    </resultMap>
    <sql id="base_select">
        SELECT
            hs.*,se.emp_name,se.emp_phone,se.emp_identity
        FROM
            tb_hq_service hs
            LEFT JOIN
            tb_sys_employee se
            ON
            hs.emp_id = se.id

    </sql>
    <select id="selectPageVo" resultType="io.renren.modules.houqin.entity.vo.HqServiceEntityVo">
        <include refid="base_select"></include>
        ${ew.customSqlSegment}
    </select>
</mapper>