<?xml version="1.0" encoding="UTF-8"?>
<!DOCTYPE mapper PUBLIC "-//mybatis.org//DTD Mapper 3.0//EN" "http://mybatis.org/dtd/mybatis-3-mapper.dtd">

<mapper namespace="io.renren.modules.ysmenu.dao.YsFoodMenuDao">

	<!-- 可根据自己的需求，是否要使用 -->
    <resultMap type="io.renren.modules.ysmenu.entity.YsFoodMenuEntity" id="ysFoodMenuMap">
        <result property="foodId" column="food_id"/>
        <result property="foodName" column="food_name"/>
        <result property="classifyId" column="classify_id"/>
        <result property="foodTag" column="food_tag"/>
        <result property="foodPrice" column="food_price"/>
        <result property="foodQingzhen" column="food_qingzhen"/>
        <result property="supplyWeek" column="supply_week"/>
        <result property="supplyKind" column="supply_kind"/>
        <result property="createTime" column="create_time"/>
        <result property="updateTime" column="update_time"/>
        <result property="isDelete" column="is_delete"/>
    </resultMap>


</mapper>