<?xml version="1.0" encoding="UTF-8"?>
<!DOCTYPE mapper PUBLIC "-//mybatis.org//DTD Mapper 3.0//EN" "http://mybatis.org/dtd/mybatis-3-mapper.dtd">

<mapper namespace="io.renren.modules.ysmenu.dao.YsFoodClassDao">

	<!-- 可根据自己的需求，是否要使用 -->
    <resultMap type="io.renren.modules.ysmenu.entity.YsFoodClassEntity" id="ysFoodClassMap">
        <result property="classifyId" column="classify_id"/>
        <result property="classifyName" column="classify_name"/>
        <result property="classifyDesc" column="classify_desc"/>
        <result property="createTime" column="create_time"/>
        <result property="updateTime" column="update_time"/>
        <result property="isDelete" column="is_delete"/>
    </resultMap>


</mapper>