<?xml version="1.0" encoding="UTF-8"?>
<!DOCTYPE mapper PUBLIC "-//mybatis.org//DTD Mapper 3.0//EN" "http://mybatis.org/dtd/mybatis-3-mapper.dtd">

<mapper namespace="io.renren.modules.ysmenu.dao.YsFoodPlanDao">

	<!-- 可根据自己的需求，是否要使用 -->
    <resultMap type="io.renren.modules.ysmenu.entity.YsFoodPlanEntity" id="ysFoodPlanMap">
        <result property="id" column="id"/>
        <result property="customerId" column="customer_id"/>
        <result property="foodId" column="food_id"/>
        <result property="planDay" column="plan_day"/>
        <result property="createTime" column="create_time"/>
        <result property="updateTime" column="update_time"/>
        <result property="isDelete" column="is_delete"/>
    </resultMap>

    <sql id="base">
        SELECT
        fp.*,ci.id cki_id,cr.name customer_name,cr.identity_number,fm.food_name,fm.food_price
        FROM
        tb_ys_food_plan fp
        LEFT JOIN
        tb_info_cusomer_records cr
        ON
        fp.customer_id=cr.id
        LEFT JOIN
        tb_info_check_in ci
        ON
        fp.customer_id=ci.customer_id
        LEFT JOIN
        tb_ys_food_menu fm
        ON
        fp.food_id=fm.food_id

    </sql>
    <select id="selectPageVo" resultType="io.renren.modules.ysmenu.entity.vo.YsFoodPlanEntityVo">
        <include refid="base"></include>
        ${ew.customSqlSegment}

    </select>

</mapper>