<?xml version="1.0" encoding="UTF-8"?>
<!DOCTYPE mapper PUBLIC "-//mybatis.org//DTD Mapper 3.0//EN" "http://mybatis.org/dtd/mybatis-3-mapper.dtd">

<mapper namespace="io.renren.modules.mysys.dao.MySysRoleDao">

	<!-- 可根据自己的需求，是否要使用 -->
    <resultMap type="io.renren.modules.mysys.entity.MySysRoleEntity" id="sysRoleMap">
        <result property="id" column="id"/>
        <result property="roleName" column="role_name"/>
        <result property="roleLevel" column="role_level"/>
        <result property="roleDesc" column="role_desc"/>
        <result property="createTime" column="create_time"/>
        <result property="updateTime" column="update_time"/>
        <result property="idDelete" column="id_delete"/>
    </resultMap>


</mapper>