<?xml version="1.0" encoding="UTF-8"?>
<!DOCTYPE mapper PUBLIC "-//mybatis.org//DTD Mapper 3.0//EN" "http://mybatis.org/dtd/mybatis-3-mapper.dtd">

<mapper namespace="io.renren.modules.mysys.dao.MySysUserDao">

	<!-- 可根据自己的需求，是否要使用 -->
    <resultMap type="io.renren.modules.mysys.entity.MySysUserEntity" id="sysUserMap">
        <result property="id" column="id"/>
        <result property="username" column="username"/>
        <result property="password" column="password"/>
        <result property="customerId" column="customer_id"/>
        <result property="roleId" column="role_id"/>
        <result property="createTime" column="create_time"/>
        <result property="updateTime" column="update_time"/>
        <result property="isDelete" column="is_delete"/>
    </resultMap>


</mapper>