<?xml version="1.0" encoding="UTF-8"?>
<!DOCTYPE mapper PUBLIC "-//mybatis.org//DTD Mapper 3.0//EN" "http://mybatis.org/dtd/mybatis-3-mapper.dtd">

<mapper namespace="io.renren.modules.mysys.dao.MySysEmployeeDao">

	<!-- 可根据自己的需求，是否要使用 -->
    <resultMap type="io.renren.modules.mysys.entity.MySysEmployeeEntity" id="sysEmployeeMap">
        <result property="id" column="id"/>
        <result property="empName" column="emp_name"/>
        <result property="headImgUrl" column="head_img_url"/>
        <result property="empPhone" column="emp_phone"/>
        <result property="empRoleId" column="emp_role_id"/>
        <result property="empAddress" column="emp_address"/>
        <result property="empIdentity" column="emp_identity"/>
        <result property="createTime" column="create_time"/>
        <result property="updateTime" column="update_time"/>
        <result property="isDelete" column="is_delete"/>
    </resultMap>
    <sql id="base_select">
        select
            se.*,sr.role_name,sr.role_desc,sr.role_level
        FROM
            tb_sys_employee se
            LEFT JOIN
            tb_sys_role sr
            ON
            se.emp_role_id=sr.id

    </sql>
    <select id="selectPageVo" resultType="io.renren.modules.mysys.entity.vo.MySysEmployeeEntityVo">
        <include refid="base_select"></include>
        ${ew.customSqlSegment}
    </select>
</mapper>