<?xml version="1.0" encoding="UTF-8"?>
<!DOCTYPE mapper PUBLIC "-//mybatis.org//DTD Mapper 3.0//EN" "http://mybatis.org/dtd/mybatis-3-mapper.dtd">

<mapper namespace="io.renren.modules.fy.dao.FyOrderDao">

	<!-- 可根据自己的需求，是否要使用 -->
    <resultMap type="io.renren.modules.fy.entity.FyOrderEntity" id="fyOrderMap">
        <result property="orderId" column="order_id"/>
        <result property="customerId" column="customer_id"/>
        <result property="orderType" column="order_type"/>
        <result property="orderName" column="order_name"/>
        <result property="orderNum" column="order_num"/>
        <result property="orderCost" column="order_cost"/>
        <result property="createTime" column="create_time"/>
        <result property="updateTime" column="update_time"/>
        <result property="isDelete" column="is_delete"/>
    </resultMap>
    <sql id="base_select">
        SELECT
            fyo.*,cr.name customer_name,cr.identity_number,cr.phone customerPhone
        FROM
            tb_fy_order fyo
                LEFT JOIN
            tb_info_cusomer_records cr
            ON
                fyo.customer_id=cr.id

    </sql>
    <select id="selectPageVo" resultType="io.renren.modules.fy.entity.vo.FyOrderEntityVo">
        <include refid="base_select"></include>
        ${ew.customSqlSegment}
    </select>

</mapper>