<?xml version="1.0" encoding="UTF-8"?>
<!DOCTYPE mapper PUBLIC "-//mybatis.org//DTD Mapper 3.0//EN" "http://mybatis.org/dtd/mybatis-3-mapper.dtd">

<mapper namespace="io.renren.modules.fy.dao.FyRecordDao">

	<!-- 可根据自己的需求，是否要使用 -->
    <resultMap type="io.renren.modules.fy.entity.FyRecordEntity" id="fyRecordMap">
        <result property="id" column="id"/>
        <result property="costumerId" column="costumer_id"/>
        <result property="orderId" column="order_id"/>
        <result property="totalcost" column="totalcost"/>
        <result property="payState" column="pay_state"/>
        <result property="payTime" column="pay_time"/>
        <result property="createTime" column="create_time"/>
        <result property="updateTime" column="update_time"/>
        <result property="isDelete" column="is_delete"/>
    </resultMap>


</mapper>