<?xml version="1.0" encoding="UTF-8"?>
<!DOCTYPE mapper PUBLIC "-//mybatis.org//DTD Mapper 3.0//EN" "http://mybatis.org/dtd/mybatis-3-mapper.dtd">

<mapper namespace="io.renren.modules.customer.dao.InfoCheckInDao">

	<!-- 可根据自己的需求，是否要使用 -->
    <resultMap type="io.renren.modules.customer.entity.InfoCheckInEntity" id="infoCheckInMap">
        <result property="id" column="id"/>
        <result property="customerId" column="customer_id"/>
        <result property="bedId" column="bed_id"/>
        <result property="startTime" column="start_time"/>
        <result property="endTime" column="end_time"/>
        <result property="validState" column="valid_state"/>
        <result property="createTime" column="create_time"/>
        <result property="updateTime" column="update_time"/>
        <result property="isDelete" column="is_delete"/>
    </resultMap>
    <sql id="base_select">
        SELECT
            ci.*,cr.name customer_name,cr.identity_number customer_identity,cr.phone customer_phone
        FROM tb_info_check_in ci LEFT JOIN tb_info_cusomer_records cr ON ci.customer_id=cr.id

    </sql>
    <select id="selectCheckInListVo" resultType="io.renren.modules.customer.entity.vo.InfoCheckInEntityVo">
        <include refid="base_select"></include>
        ${ew.customSqlSegment}
    </select>
    <select id="demo" resultType="io.renren.modules.customer.entity.vo.InfoCheckInEntityVo">
        <include refid="base_select"></include>
    </select>
</mapper>