<?xml version="1.0" encoding="UTF-8"?>
<!DOCTYPE mapper PUBLIC "-//mybatis.org//DTD Mapper 3.0//EN" "http://mybatis.org/dtd/mybatis-3-mapper.dtd">

<mapper namespace="io.renren.modules.customer.dao.InfoOtherRecordsDao">

	<!-- 可根据自己的需求，是否要使用 -->
    <resultMap type="io.renren.modules.customer.entity.InfoOtherRecordsEntity" id="infoOtherRecordsMap">
        <result property="id" column="id"/>
        <result property="name" column="name"/>
        <result property="phone" column="phone"/>
        <result property="accessTime" column="access_time"/>
        <result property="leaveTime" column="leave_time"/>
        <result property="accessReason" column="access_reason"/>
        <result property="createTime" column="create_time"/>
        <result property="updateTime" column="update_time"/>
        <result property="isDelete" column="is_delete"/>
    </resultMap>


</mapper>