<?xml version="1.0" encoding="UTF-8"?>
<!DOCTYPE mapper PUBLIC "-//mybatis.org//DTD Mapper 3.0//EN" "http://mybatis.org/dtd/mybatis-3-mapper.dtd">

<mapper namespace="io.renren.modules.customer.dao.InfoCheckOutDao">

	<!-- 可根据自己的需求，是否要使用 -->
    <resultMap type="io.renren.modules.customer.entity.InfoCheckOutEntity" id="infoCheckOutMap">
        <result property="id" column="id"/>
        <result property="customerId" column="customer_id"/>
        <result property="checkOutType" column="check_out_type"/>
        <result property="checkOutTime" column="check_out_time"/>
        <result property="checkOutReason" column="check_out_reason"/>
        <result property="createTime" column="create_time"/>
        <result property="updateTime" column="update_time"/>
        <result property="isDelete" column="is_delete"/>
    </resultMap>

    <select id="getCheckedCustomer" resultType="io.renren.modules.customer.entity.vo.CheckOutCustomerVo">
        select
            ci.id cki_id,
            ci.bed_id bed_id,
            ci.customer_id customer_id,
            cr.name customer_name,
            cr.identity_number identity_number,
            cr.head_img_url
        from
            tb_info_check_in ci left join tb_info_cusomer_records cr on ci.customer_id=cr.id
        where
            ci.valid_state=1 and ci.is_delete=1
    </select>
    <sql id="base_select">
        SELECT
            co.id id,
            co.cki_id cki_id,
            co.check_out_type check_out_type,
            co.check_out_time check_out_time,
            co.check_out_reason check_out_reason,
            co.create_time create_time,
            co.update_time update_time,
            co.is_delete is_delete,
            ci.bed_id bed_id,
            ci.customer_id customer_id,
            cr.name customerName,
            cr.identity_number identityNumber
        FROM
            tb_info_check_out co
            left join
            tb_info_check_in ci
            on
            co.cki_id=ci.id
            left join
            tb_info_cusomer_records cr
            on
                ci.customer_id=cr.id

    </sql>
    <select id="selectPageVo" resultType="io.renren.modules.customer.entity.vo.CheckOutCustomerVo">
        <include refid="base_select"></include>
        ${ew.customSqlSegment}

    </select>
</mapper>