<?xml version="1.0" encoding="UTF-8"?>
<!DOCTYPE mapper PUBLIC "-//mybatis.org//DTD Mapper 3.0//EN" "http://mybatis.org/dtd/mybatis-3-mapper.dtd">

<mapper namespace="io.renren.modules.customer.dao.InfoCusomerRecordsDao">

	<!-- 可根据自己的需求，是否要使用 -->
    <resultMap type="io.renren.modules.customer.entity.InfoCusomerRecordsEntity" id="infoCusomerRecordsMap">
        <result property="id" column="id"/>
        <result property="name" column="name"/>
        <result property="headImgUrl" column="head_img_url"/>
        <result property="gender" column="gender"/>
        <result property="identityNumber" column="identity_number"/>
        <result property="birthday" column="birthday"/>
        <result property="phone" column="phone"/>
        <result property="bloodType" column="blood_type"/>
        <result property="address" column="address"/>
        <result property="createTime" column="create_time"/>
        <result property="updateTime" column="update_time"/>
        <result property="isDelete" column="is_delete"/>
    </resultMap>


</mapper>