<?xml version="1.0" encoding="UTF-8"?>
<!DOCTYPE mapper PUBLIC "-//mybatis.org//DTD Mapper 3.0//EN" "http://mybatis.org/dtd/mybatis-3-mapper.dtd">

<mapper namespace="io.renren.modules.customer.dao.InfoOutRecordsDao">

	<!-- 可根据自己的需求，是否要使用 -->
    <resultMap type="io.renren.modules.customer.entity.InfoOutRecordsEntity" id="infoOutRecordsMap">
        <result property="id" column="id"/>
        <result property="customerId" column="customer_id"/>
        <result property="withWhoName" column="with_who_name"/>
        <result property="withWhoPhone" column="with_who_phone"/>
        <result property="relation" column="relation"/>
        <result property="outReason" column="out_reason"/>
        <result property="outTime" column="out_time"/>
        <result property="exReturnTime" column="ex_return_time"/>
        <result property="realReturnTime" column="real_return_time"/>
        <result property="state" column="state"/>
        <result property="createTime" column="create_time"/>
        <result property="updateTime" column="update_time"/>
        <result property="isDelete" column="is_delete"/>
    </resultMap>

    <sql id="base_select_out_list_vo">
        SELECT
        ore.*,cr.name customer_name ,cr.identity_number
        FROM tb_info_out_records ore LEFT JOIN tb_info_cusomer_records cr on ore.customer_id=cr.id
    </sql>
    <select id="selectPageVo" resultType="io.renren.modules.customer.entity.vo.InfoOutEntityVo">
        <include refid="base_select_out_list_vo"></include>
        ${ew.customSqlSegment}
    </select>
    <select id="selectVoById" resultType="io.renren.modules.customer.entity.vo.InfoOutEntityVo">
        <include refid="base_select_out_list_vo"></include>
        WHERE ore.is_delete=1 and ore.id=#{id,jdbcType=INTEGER}
    </select>

    <select id="selectVoByWrapper" resultType="io.renren.modules.customer.entity.vo.InfoOutEntityVo">
        <include refid="base_select_out_list_vo"></include>
        ${ew.customSqlSegment}
    </select>
</mapper>