<?xml version="1.0" encoding="UTF-8"?>
<!DOCTYPE mapper PUBLIC "-//mybatis.org//DTD Mapper 3.0//EN" "http://mybatis.org/dtd/mybatis-3-mapper.dtd">

<mapper namespace="io.renren.modules.customer.dao.InfoFamilyRecordsDao">

	<!-- 可根据自己的需求，是否要使用 -->
    <resultMap type="io.renren.modules.customer.entity.InfoFamilyRecordsEntity" id="infoFamilyRecordsMap">
        <result property="id" column="id"/>
        <result property="customerId" column="customer_id"/>
        <result property="name" column="name"/>
        <result property="relation" column="relation"/>
        <result property="phone" column="phone"/>
        <result property="createTime" column="create_time"/>
        <result property="updateTime" column="update_time"/>
        <result property="isDelete" column="is_delete"/>
    </resultMap>

    <sql id="base_select">
        SELECT fr.*, cr.name customer_name, cr.identity_number
        from tb_info_family_records fr
                 LEFT JOIN tb_info_cusomer_records cr on fr.customer_id = cr.id

    </sql>
    <select id="selectPageVo" resultType="io.renren.modules.customer.entity.vo.InfoFamilyRecordsEntityVo">
        <include refid="base_select"></include>
        ${ew.customSqlSegment}
    </select>
</mapper>