{
  "id": "2500629",
  "name": "no name",
  "font_family": "iconfont",
  "css_prefix_text": "icon",
  "description": "",
  "glyphs": [
    {
      "icon_id": "18175800",
      "name": "正方形",
      "font_class": "checkbox-full",
      "unicode": "ea6f",
      "unicode_decimal": 60015
    },
    {
      "icon_id": "8124848",
      "name": "床1",
      "font_class": "bed-none",
      "unicode": "e611",
      "unicode_decimal": 58897
    },
    {
      "icon_id": "14233216",
      "name": "床位",
      "font_class": "bed-one",
      "unicode": "e68e",
      "unicode_decimal": 59022
    },
    {
      "icon_id": "4251736",
      "name": "可见",
      "font_class": "kejian",
      "unicode": "e644",
      "unicode_decimal": 58948
    },
    {
      "icon_id": "10156121",
      "name": "不可见",
      "font_class": "bukejian",
      "unicode": "e61c",
      "unicode_decimal": 58908
    },
    {
      "icon_id": "1001196",
      "name": "切换",
      "font_class": "iconzh2",
      "unicode": "e635",
      "unicode_decimal": 58933
    }
  ]
}
