<?xml version="1.0" encoding="UTF-8"?>
<!DOCTYPE mapper PUBLIC "-//mybatis.org//DTD Mapper 3.0//EN" "http://mybatis.org/dtd/mybatis-3-mapper.dtd">

<mapper namespace="io.renren.modules.hl.dao.HlHealthRecordDao">

	<!-- 可根据自己的需求，是否要使用 -->
    <resultMap type="io.renren.modules.hl.entity.HlHealthRecordEntity" id="hlHealthRecordMap">
        <result property="id" column="id"/>
        <result property="customerId" column="customer_id"/>
        <result property="doTime" column="do_time"/>
        <result property="liverFunction" column="liver_function"/>
        <result property="bloodSugar" column="blood_sugar"/>
        <result property="heartRate" column="heart_rate"/>
        <result property="kidneyFunction" column="kidney_function"/>
        <result property="empId" column="emp_id"/>
        <result property="createTime" column="create_time"/>
        <result property="updateTime" column="update_time"/>
        <result property="isDelete" column="is_delete"/>
    </resultMap>
    <sql id="base_select">
        SELECT
            hr.*,se.emp_name,se.emp_phone,cr.name customer_name,cr.identity_number
        FROM
            tb_hl_health_record hr
            LEFT JOIN
            tb_sys_employee se
            ON
            hr.emp_id=se.id
            LEFT JOIN
            tb_info_cusomer_records cr
            ON
            hr.customer_id=cr.id

    </sql>
    <select id="selectPageVo" resultType="io.renren.modules.hl.entity.vo.HlHealthRecordEntityVo">
        <include refid="base_select"></include>
        ${ew.customSqlSegment}
    </select>
</mapper>