<?xml version="1.0" encoding="UTF-8"?>
<!DOCTYPE mapper PUBLIC "-//mybatis.org//DTD Mapper 3.0//EN" "http://mybatis.org/dtd/mybatis-3-mapper.dtd">

<mapper namespace="io.renren.modules.hl.dao.HlLevelDao">

	<!-- 可根据自己的需求，是否要使用 -->
    <resultMap type="io.renren.modules.hl.entity.HlLevelEntity" id="hlLevelMap">
        <result property="levelId" column="level_id"/>
        <result property="levelName" column="level_name"/>
        <result property="levelDescribe" column="level_describe"/>
        <result property="levelState" column="level_state"/>
        <result property="createTime" column="create_time"/>
        <result property="updateTime" column="update_time"/>
        <result property="isDelete" column="is_delete"/>
    </resultMap>


</mapper>