<?xml version="1.0" encoding="UTF-8"?>
<!DOCTYPE mapper PUBLIC "-//mybatis.org//DTD Mapper 3.0//EN" "http://mybatis.org/dtd/mybatis-3-mapper.dtd">

<mapper namespace="io.renren.modules.hl.dao.HlNursingRecordDao">

	<!-- 可根据自己的需求，是否要使用 -->
    <resultMap type="io.renren.modules.hl.entity.HlNursingRecordEntity" id="hlNursingRecordMap">
        <result property="id" column="id"/>
        <result property="customerId" column="customer_id"/>
        <result property="nursingTime" column="nursing_time"/>
        <result property="projectId" column="project_id"/>
        <result property="number" column="number"/>
        <result property="levelId" column="level_id"/>
        <result property="empId" column="emp_id"/>
        <result property="creatTime" column="creat_time"/>
        <result property="updateTime" column="update_time"/>
        <result property="isDelete" column="is_delete"/>
    </resultMap>
    <sql id="base_select">
        SELECT
            hnr.*,cr.name customer_name,cr.phone customer_phone,hl.level_name,hl.level_describe level_desc,se.emp_name,se.emp_phone,
            hpr.project_name,hpr.project_describe project_desc
        FROM
            tb_hl_nursing_record hnr
                LEFT JOIN
            tb_info_cusomer_records cr
            ON
                hnr.customer_id=cr.id
                LEFT JOIN
            tb_sys_employee se
            ON
                hnr.emp_id=se.id
                LEFT JOIN
            tb_hl_level hl
            ON
                hnr.level_id=hl.level_id
                LEFT JOIN
            tb_hl_project hpr
            ON
                hnr.project_id=hpr.project_id

    </sql>
    <select id="selectPageVo" resultType="io.renren.modules.hl.entity.vo.HlNursingRecordEntityVo">
        <include refid="base_select"></include>
        ${ew.customSqlSegment}
    </select>
</mapper>