<?xml version="1.0" encoding="UTF-8"?>
<!DOCTYPE mapper PUBLIC "-//mybatis.org//DTD Mapper 3.0//EN" "http://mybatis.org/dtd/mybatis-3-mapper.dtd">

<mapper namespace="io.renren.modules.hl.dao.HlPlanDao">

    <!-- 可根据自己的需求，是否要使用 -->
    <resultMap type="io.renren.modules.hl.entity.HlPlanEntity" id="hlPlanMap">
        <result property="planId" column="plan_id"/>
        <result property="projectId" column="project_id"/>
        <result property="levelId" column="level_id"/>
        <result property="customId" column="custom_id"/>
        <result property="empId" column="emp_id"/>
        <result property="planDesc" column="plan_desc"/>
        <result property="planState" column="plan_state"/>
        <result property="planCycle" column="plan_cycle"/>
        <result property="createTime" column="create_time"/>
        <result property="updateTime" column="update_time"/>
        <result property="isDelete" column="is_delete"/>
    </resultMap>
    <sql id="base_select">
        SELECT hp.*,
               cr.name           customer_name,
               cr.phone          customer_phone,
               ci.bed_id         customer_bed,
               hl.level_name,
               hl.level_describe level_desc,
               se.emp_name,
               se.emp_phone,
               hpr.project_name,
               hpr.project_describe project_desc
        FROM tb_hl_plan hp
                 LEFT JOIN
             tb_info_cusomer_records cr
             ON
                 hp.custom_id = cr.id
                 LEFT JOIN
             tb_info_check_in ci
             ON
                 hp.custom_id = ci.customer_id
                 LEFT JOIN
             tb_sys_employee se
             ON
                 hp.emp_id = se.id
                 LEFT JOIN
             tb_hl_level hl
             ON
                 hp.level_id = hl.level_id
                 LEFT JOIN
             tb_hl_project hpr
             ON
                 hp.project_id = hpr.project_id

    </sql>
    <select id="selectPageVo" resultType="io.renren.modules.hl.entity.vo.HlPlanEntityVo">
        <include refid="base_select"></include>
        ${ew.customSqlSegment}
    </select>
</mapper>