<?xml version="1.0" encoding="UTF-8"?>
<!DOCTYPE mapper PUBLIC "-//mybatis.org//DTD Mapper 3.0//EN" "http://mybatis.org/dtd/mybatis-3-mapper.dtd">

<mapper namespace="io.renren.modules.hl.dao.HlProjectDao">

	<!-- 可根据自己的需求，是否要使用 -->
    <resultMap type="io.renren.modules.hl.entity.HlProjectEntity" id="hlProjectMap">
        <result property="projectId" column="project_id"/>
        <result property="projectName" column="project_name"/>
        <result property="projectDescribe" column="project_describe"/>
        <result property="projectState" column="project_state"/>
        <result property="projectPrice" column="project_price"/>
        <result property="projectNote" column="project_note"/>
        <result property="createTime" column="create_time"/>
        <result property="updateTime" column="update_time"/>
        <result property="isDelete" column="is_delete"/>
    </resultMap>


</mapper>