<?xml version="1.0" encoding="UTF-8"?>
<!DOCTYPE mapper PUBLIC "-//mybatis.org//DTD Mapper 3.0//EN" "http://mybatis.org/dtd/mybatis-3-mapper.dtd">

<mapper namespace="io.renren.modules.cw.dao.CwBedDao">

	<!-- 可根据自己的需求，是否要使用 -->
    <resultMap type="io.renren.modules.cw.entity.CwBedEntity" id="cwBedMap">
        <result property="bedId" column="bed_id"/>
        <result property="customerId" column="customer_id"/>
        <result property="bedCheck" column="bed_check"/>
        <result property="bedClean" column="bed_clean"/>
        <result property="roomId" column="room_id"/>
        <result property="createTime" column="create_time"/>
        <result property="updateTime" column="update_time"/>
        <result property="isDelete" column="is_delete"/>
    </resultMap>
    <sql id="base_select">
        SELECT
            cwb.*,cwr.room_floor,cr.name customer_name,cr.identity_number ,cr.phone customer_phone
        FROM
            tb_cw_bed cwb
                LEFT JOIN
            tb_cw_room cwr
            ON
                cwb.room_id=cwr.room_id
                LEFT JOIN
            tb_info_cusomer_records cr
            ON
                cwb.customer_id=cr.id

    </sql>
    <select id="selectPageVo" resultType="io.renren.modules.cw.entity.vo.CwBedEntityVo">
        <include refid="base_select"></include>
        ${ew.customSqlSegment}
    </select>
</mapper>